Problem Name,Problem Link
217. Contains Duplicate,https://leetcode.com/problems/contains-duplicate
242. Valid Anagram,https://leetcode.com/problems/valid-anagram
1. Two Sum,https://leetcode.com/problems/two-sum
49. Group Anagrams,https://leetcode.com/problems/group-anagrams
347. Top K Frequent Elements,https://leetcode.com/problems/top-k-frequent-elements
271. Encode and Decode Strings,https://leetcode.com/problems/encode-and-decode-strings
238. Product of Array Except Self,https://leetcode.com/problems/product-of-array-except-self
36. Valid Sudoku,https://leetcode.com/problems/valid-sudoku
128. Longest Consecutive Sequence,https://leetcode.com/problems/longest-consecutive-sequence
125. Valid Palindrome,https://leetcode.com/problems/valid-palindrome
167. Two Sum II Input Array Is Sorted,https://leetcode.com/problems/two-sum-ii-input-array-is-sorted
15. 3Sum,https://leetcode.com/problems/3sum
11. Container With Most Water,https://leetcode.com/problems/container-with-most-water
42. Trapping Rain Water,https://leetcode.com/problems/trapping-rain-water
20. Valid Parentheses,https://leetcode.com/problems/valid-parentheses
155. Min Stack,https://leetcode.com/problems/min-stack
150. Evaluate Reverse Polish Notation,https://leetcode.com/problems/evaluate-reverse-polish-notation
22. Generate Parentheses,https://leetcode.com/problems/generate-parentheses
739. Daily Temperatures,https://leetcode.com/problems/daily-temperatures
853. Car Fleet,https://leetcode.com/problems/car-fleet
84. Largest Rectangle In Histogram,https://leetcode.com/problems/largest-rectangle-in-histogram
704. Binary Search,https://leetcode.com/problems/binary-search
74. Search a 2D Matrix,https://leetcode.com/problems/search-a-2d-matrix
875. Koko Eating Bananas,https://leetcode.com/problems/koko-eating-bananas
153. Find Minimum In Rotated Sorted Array,https://leetcode.com/problems/find-minimum-in-rotated-sorted-array
33. Search In Rotated Sorted Array,https://leetcode.com/problems/search-in-rotated-sorted-array
981. Time Based Key Value Store,https://leetcode.com/problems/time-based-key-value-store
4. Median of Two Sorted Arrays,https://leetcode.com/problems/median-of-two-sorted-arrays
121. Best Time to Buy And Sell Stock,https://leetcode.com/problems/best-time-to-buy-and-sell-stock
3. Longest Substring Without Repeating Characters,https://leetcode.com/problems/longest-substring-without-repeating-characters
424. Longest Repeating Character Replacement,https://leetcode.com/problems/longest-repeating-character-replacement
567. Permutation In String,https://leetcode.com/problems/permutation-in-string
76. Minimum Window Substring,https://leetcode.com/problems/minimum-window-substring
239. Sliding Window Maximum,https://leetcode.com/problems/sliding-window-maximum
206. Reverse Linked List,https://leetcode.com/problems/reverse-linked-list
21. Merge Two Sorted Lists,https://leetcode.com/problems/merge-two-sorted-lists
143. Reorder List,https://leetcode.com/problems/reorder-list
19. Remove Nth Node From End of List,https://leetcode.com/problems/remove-nth-node-from-end-of-list
138. Copy List With Random Pointer,https://leetcode.com/problems/copy-list-with-random-pointer
2. Add Two Numbers,https://leetcode.com/problems/add-two-numbers
141. Linked List Cycle,https://leetcode.com/problems/linked-list-cycle
287. Find The Duplicate Number,https://leetcode.com/problems/find-the-duplicate-number
146. LRU Cache,https://leetcode.com/problems/lru-cache
23. Merge K Sorted Lists,https://leetcode.com/problems/merge-k-sorted-lists
25. Reverse Nodes In K Group,https://leetcode.com/problems/reverse-nodes-in-k-group
226. Invert Binary Tree,https://leetcode.com/problems/invert-binary-tree
104. Maximum Depth of Binary Tree,https://leetcode.com/problems/maximum-depth-of-binary-tree
543. Diameter of Binary Tree,https://leetcode.com/problems/diameter-of-binary-tree
110. Balanced Binary Tree,https://leetcode.com/problems/balanced-binary-tree
100. Same Tree,https://leetcode.com/problems/same-tree
572. Subtree of Another Tree,https://leetcode.com/problems/subtree-of-another-tree
235. Lowest Common Ancestor of a Binary Search Tree,https://leetcode.com/problems/lowest-common-ancestor-of-a-binary-search-tree
236. Lowest Common Ancestor of a Binary Tree,https://leetcode.com/problems/lowest-common-ancestor-of-a-binary-tree
102. Binary Tree Level Order Traversal,https://leetcode.com/problems/binary-tree-level-order-traversal
199. Binary Tree Right Side View,https://leetcode.com/problems/binary-tree-right-side-view
1448. Count Good Nodes In Binary Tree,https://leetcode.com/problems/count-good-nodes-in-binary-tree
98. Validate Binary Search Tree,https://leetcode.com/problems/validate-binary-search-tree
230. Kth Smallest Element In a BST,https://leetcode.com/problems/kth-smallest-element-in-a-bst
105. Construct Binary Tree From Preorder And Inorder Traversal,https://leetcode.com/problems/construct-binary-tree-from-preorder-and-inorder-traversal
124. Binary Tree Maximum Path Sum,https://leetcode.com/problems/binary-tree-maximum-path-sum
297. Serialize And Deserialize Binary Tree,https://leetcode.com/problems/serialize-and-deserialize-binary-tree
449. Serialize and Deserialize BST,https://leetcode.com/problems/serialize-and-deserialize-bst
208. Implement Trie Prefix Tree,https://leetcode.com/problems/implement-trie-prefix-tree
211. Design Add And Search Words Data Structure,https://leetcode.com/problems/design-add-and-search-words-data-structure
212. Word Search II,https://leetcode.com/problems/word-search-ii
78. Subsets,https://leetcode.com/problems/subsets
39. Combination Sum,https://leetcode.com/problems/combination-sum
46. Permutations,https://leetcode.com/problems/permutations
90. Subsets II,https://leetcode.com/problems/subsets-ii
40. Combination Sum II,https://leetcode.com/problems/combination-sum-ii
79. Word Search,https://leetcode.com/problems/word-search
131. Palindrome Partitioning,https://leetcode.com/problems/palindrome-partitioning
17. Letter Combinations of a Phone Number,https://leetcode.com/problems/letter-combinations-of-a-phone-number
51. N Queens,https://leetcode.com/problems/n-queens
703. Kth Largest Element In a Stream,https://leetcode.com/problems/kth-largest-element-in-a-stream
1046. Last Stone Weight,https://leetcode.com/problems/last-stone-weight
973. K Closest Points to Origin,https://leetcode.com/problems/k-closest-points-to-origin
215. Kth Largest Element In An Array,https://leetcode.com/problems/kth-largest-element-in-an-array
621. Task Scheduler,https://leetcode.com/problems/task-scheduler
355. Design Twitter,https://leetcode.com/problems/design-twitter
295. Find Median From Data Stream,https://leetcode.com/problems/find-median-from-data-stream
200. Number of Islands,https://leetcode.com/problems/number-of-islands
695. Max Area of Island,https://leetcode.com/problems/max-area-of-island
133. Clone Graph,https://leetcode.com/problems/clone-graph
286. Walls And Gates,https://leetcode.com/problems/walls-and-gates
994. Rotting Oranges,https://leetcode.com/problems/rotting-oranges
417. Pacific Atlantic Water Flow,https://leetcode.com/problems/pacific-atlantic-water-flow
130. Surrounded Regions,https://leetcode.com/problems/surrounded-regions
207. Course Schedule,https://leetcode.com/problems/course-schedule
210. Course Schedule II,https://leetcode.com/problems/course-schedule-ii
261. Graph Valid Tree,https://leetcode.com/problems/graph-valid-tree
323. Number of Connected Components In An Undirected Graph,https://leetcode.com/problems/number-of-connected-components-in-an-undirected-graph
684. Redundant Connection,https://leetcode.com/problems/redundant-connection
127. Word Ladder,https://leetcode.com/problems/word-ladder
70. Climbing Stairs,https://leetcode.com/problems/climbing-stairs
746. Min Cost Climbing Stairs,https://leetcode.com/problems/min-cost-climbing-stairs
198. House Robber,https://leetcode.com/problems/house-robber
213. House Robber II,https://leetcode.com/problems/house-robber-ii
5. Longest Palindromic Substring,https://leetcode.com/problems/longest-palindromic-substring
647. Palindromic Substrings,https://leetcode.com/problems/palindromic-substrings
91. Decode Ways,https://leetcode.com/problems/decode-ways
322. Coin Change,https://leetcode.com/problems/coin-change
152. Maximum Product Subarray,https://leetcode.com/problems/maximum-product-subarray
139. Word Break,https://leetcode.com/problems/word-break
300. Longest Increasing Subsequence,https://leetcode.com/problems/longest-increasing-subsequence
416. Partition Equal Subset Sum,https://leetcode.com/problems/partition-equal-subset-sum
57. Insert Interval,https://leetcode.com/problems/insert-interval
56. Merge Intervals,https://leetcode.com/problems/merge-intervals
435. Non Overlapping Intervals,https://leetcode.com/problems/non-overlapping-intervals
252. Meeting Rooms,https://leetcode.com/problems/meeting-rooms
253. Meeting Rooms II,https://leetcode.com/problems/meeting-rooms-ii
1851. Minimum Interval to Include Each Query,https://leetcode.com/problems/minimum-interval-to-include-each-query
53. Maximum Subarray,https://leetcode.com/problems/maximum-subarray
55. Jump Game,https://leetcode.com/problems/jump-game
45. Jump Game II,https://leetcode.com/problems/jump-game-ii
134. Gas Station,https://leetcode.com/problems/gas-station
846. Hand of Straights,https://leetcode.com/problems/hand-of-straights
1899. Merge Triplets to Form Target Triplet,https://leetcode.com/problems/merge-triplets-to-form-target-triplet
763. Partition Labels,https://leetcode.com/problems/partition-labels
678. Valid Parenthesis String,https://leetcode.com/problems/valid-parenthesis-string
332. Reconstruct Itinerary,https://leetcode.com/problems/reconstruct-itinerary
1584. Min Cost to Connect All Points,https://leetcode.com/problems/min-cost-to-connect-all-points
743. Network Delay Time,https://leetcode.com/problems/network-delay-time
778. Swim In Rising Water,https://leetcode.com/problems/swim-in-rising-water
269. Alien Dictionary,https://leetcode.com/problems/alien-dictionary
787. Cheapest Flights Within K Stops,https://leetcode.com/problems/cheapest-flights-within-k-stops
62. Unique Paths,https://leetcode.com/problems/unique-paths
1143. Longest Common Subsequence,https://leetcode.com/problems/longest-common-subsequence
309. Best Time to Buy And Sell Stock With Cooldown,https://leetcode.com/problems/best-time-to-buy-and-sell-stock-with-cooldown
518. Coin Change II,https://leetcode.com/problems/coin-change-ii
494. Target Sum,https://leetcode.com/problems/target-sum
97. Interleaving String,https://leetcode.com/problems/interleaving-string
329. Longest Increasing Path In a Matrix,https://leetcode.com/problems/longest-increasing-path-in-a-matrix
115. Distinct Subsequences,https://leetcode.com/problems/distinct-subsequences
72. Edit Distance,https://leetcode.com/problems/edit-distance
312. Burst Balloons,https://leetcode.com/problems/burst-balloons
10. Regular Expression Matching,https://leetcode.com/problems/regular-expression-matching
136. Single Number,https://leetcode.com/problems/single-number
191. Number of 1 Bits,https://leetcode.com/problems/number-of-1-bits
338. Counting Bits,https://leetcode.com/problems/counting-bits
190. Reverse Bits,https://leetcode.com/problems/reverse-bits
268. Missing Number,https://leetcode.com/problems/missing-number
371. Sum of Two Integers,https://leetcode.com/problems/sum-of-two-integers
7. Reverse Integer,https://leetcode.com/problems/reverse-integer
48. Rotate Image,https://leetcode.com/problems/rotate-image
54. Spiral Matrix,https://leetcode.com/problems/spiral-matrix
73. Set Matrix Zeroes,https://leetcode.com/problems/set-matrix-zeroes
202. Happy Number,https://leetcode.com/problems/happy-number
66. Plus One,https://leetcode.com/problems/plus-one
"50. Pow(x, n)",https://leetcode.com/problems/powx-n
43. Multiply Strings,https://leetcode.com/problems/multiply-strings
2013. Detect Squares,https://leetcode.com/problems/detect-squares
